URI,Title,Link,Status
/videos/1190762141,Shot0,https://vimeo.com/1190762141,in_progress
/videos/1190762148,Shot1,https://vimeo.com/1190762148,in_progress
/videos/1190762158,Shot2,https://vimeo.com/1190762158,in_progress
/videos/1190762178,Shot3,https://vimeo.com/1190762178,in_progress
/videos/1190762195,Shot4,https://vimeo.com/1190762195,in_progress
/videos/1190762213,Shot5,https://vimeo.com/1190762213,in_progress
/videos/1190762229,Shot6,https://vimeo.com/1190762229,in_progress
/videos/1190762247,Shot7,https://vimeo.com/1190762247,in_progress
/videos/1190762269,Shot0_WM,https://vimeo.com/1190762269,in_progress
/videos/1190762282,Shot1_WM,https://vimeo.com/1190762282,in_progress
/videos/1190762300,Shot2_WM,https://vimeo.com/1190762300,in_progress
/videos/1190762313,Shot3_WM,https://vimeo.com/1190762313,in_progress
/videos/1190762330,Shot4_WM,https://vimeo.com/1190762330,in_progress
/videos/1190762353,Shot5_WM,https://vimeo.com/1190762353,in_progress
/videos/1190762363,Shot6_WM,https://vimeo.com/1190762363,in_progress
/videos/1190762378,Shot7_WM,https://vimeo.com/1190762378,in_progress
